{
    "fx": 386.36279296875,
    "fy": 385.77691650390625,
    "ppx": 322.04864501953125,
    "ppy": 244.3091583251953,
    "height": 480,
    "width": 640,
    "depth_scale": 0.0010000000474974513
}