{
    "fx": 610.4427490234375,
    "fy": 610.3997802734375,
    "ppx": 319.21258544921875,
    "ppy": 236.0503387451172,
    "height": 480,
    "width": 640
}