{
    "task_index": {
        "min": [
            0
        ],
        "max": [
            0
        ],
        "mean": [
            0.0
        ],
        "std": [
            0.0
        ],
        "count": [
            1573
        ],
        "q01": [
            3.999999999999417e-16
        ],
        "q10": [
            3.999999999999418e-15
        ],
        "q50": [
            1.9999999999997088e-14
        ],
        "q90": [
            3.5999999999994766e-14
        ],
        "q99": [
            3.959999999999423e-14
        ]
    },
    "index": {
        "min": [
            0
        ],
        "max": [
            1572
        ],
        "mean": [
            786.0
        ],
        "std": [
            454.0858949582116
        ],
        "count": [
            1573
        ],
        "q01": [
            399.7025563482808
        ],
        "q10": [
            470.382240915368
        ],
        "q50": [
            785.7740460267005
        ],
        "q90": [
            1101.617759084632
        ],
        "q99": [
            1172.297443651719
        ]
    },
    "episode_index": {
        "min": [
            0
        ],
        "max": [
            1
        ],
        "mean": [
            0.47361729179911
        ],
        "std": [
            0.4993034675505335
        ],
        "count": [
            1573
        ],
        "q01": [
            0.47361729179911044
        ],
        "q10": [
            0.47361729179911394
        ],
        "q50": [
            0.47361729179913
        ],
        "q90": [
            0.47361729179914597
        ],
        "q99": [
            0.4736172917991495
        ]
    },
    "observation.images.front": {
        "min": [
            [
                [
                    0.0
                ]
            ],
            [
                [
                    0.0
                ]
            ],
            [
                [
                    0.0
                ]
            ]
        ],
        "max": [
            [
                [
                    1.0
                ]
            ],
            [
                [
                    1.0
                ]
            ],
            [
                [
                    1.0
                ]
            ]
        ],
        "mean": [
            [
                [
                    0.43672547984565446
                ]
            ],
            [
                [
                    0.4234187774631249
                ]
            ],
            [
                [
                    0.41248416937157745
                ]
            ]
        ],
        "std": [
            [
                [
                    0.003072270757475915
                ]
            ],
            [
                [
                    0.0004862520917759228
                ]
            ],
            [
                [
                    0.0030953783144957586
                ]
            ]
        ],
        "count": [
            296
        ],
        "q01": [
            [
                [
                    0.03356899125415749
                ]
            ],
            [
                [
                    0.0377660025444086
                ]
            ],
            [
                [
                    0.011962840915916298
                ]
            ]
        ],
        "q10": [
            [
                [
                    0.13619129197347465
                ]
            ],
            [
                [
                    0.1648068262676888
                ]
            ],
            [
                [
                    0.0943081129502732
                ]
            ]
        ],
        "q50": [
            [
                [
                    0.4174082021699863
                ]
            ],
            [
                [
                    0.3723904563226323
                ]
            ],
            [
                [
                    0.37618709652680393
                ]
            ]
        ],
        "q90": [
            [
                [
                    0.7454874492675038
                ]
            ],
            [
                [
                    0.7315573204787252
                ]
            ],
            [
                [
                    0.7332769154424515
                ]
            ]
        ],
        "q99": [
            [
                [
                    0.9018127433877594
                ]
            ],
            [
                [
                    0.9536540565636354
                ]
            ],
            [
                [
                    0.9998647874139873
                ]
            ]
        ]
    },
    "frame_index": {
        "min": [
            0
        ],
        "max": [
            827
        ],
        "mean": [
            393.8448823903369
        ],
        "std": [
            228.9287306839212
        ],
        "count": [
            1573
        ],
        "q01": [
            7.547438738617746
        ],
        "q10": [
            78.22712330570499
        ],
        "q50": [
            393.5484541640178
        ],
        "q90": [
            709.4626414749689
        ],
        "q99": [
            780.1423260420561
        ]
    },
    "action": {
        "min": [
            -63.120880126953125,
            -104.30769348144531,
            -52.70329666137695,
            22.989011764526367,
            -14.197802543640137,
            0.07794231921434402
        ],
        "max": [
            7.208791255950928,
            30.19780158996582,
            96.65933990478516,
            101.14286041259766,
            44.61538314819336,
            35.54169845581055
        ],
        "mean": [
            -13.487990466637438,
            -57.4665463611872,
            52.82436430264792,
            61.17114131949316,
            6.788956261105547,
            7.086802183103956
        ],
        "std": [
            17.428160616823796,
            49.21674290511881,
            46.188092442919604,
            13.00525300408387,
            16.822994242098044,
            10.349309448512148
        ],
        "count": [
            1573
        ],
        "q01": [
            -54.90791783534958,
            -104.03440121106865,
            -35.347281953901984,
            40.87771345539905,
            -9.701040380711929,
            1.4369366466907607
        ],
        "q10": [
            -42.05772577941759,
            -103.9136040136455,
            -28.402339960162195,
            49.63921243037489,
            -9.701040380711929,
            1.4751576713877017
        ],
        "q50": [
            -5.139465062615497,
            -81.89482244939009,
            71.06578177022102,
            57.07140757474215,
            3.3194584266617526,
            2.9110072659364943
        ],
        "q90": [
            0.9953989200697189,
            13.838182295103854,
            94.76877733831326,
            82.2877153213621,
            35.06108364000945,
            30.632139872706155
        ],
        "q99": [
            5.31270254019101,
            19.7419888480757,
            94.78399983570905,
            91.64106299232633,
            38.27399109338395,
            33.66812860492495
        ]
    },
    "timestamp": {
        "min": [
            0.0
        ],
        "max": [
            27.566666666666666
        ],
        "mean": [
            13.128162746344564
        ],
        "std": [
            7.63095768946404
        ],
        "count": [
            1573
        ],
        "q01": [
            0.2515812911924431
        ],
        "q10": [
            2.6075707767793683
        ],
        "q50": [
            13.12063094723453
        ],
        "q90": [
            23.648754715909764
        ],
        "q99": [
            26.004744201496685
        ]
    },