{
    "fx": 386.4677429199219,
    "fy": 385.8817138671875,
    "ppx": 322.04864501953125,
    "ppy": 244.3091583251953,
    "height": 480,
    "width": 640
}